{
	"body":
	{
		"type": "m_med_ovw"
	},
	"face":
	{
		"freckles":
		{
			"option": "Freckles1",
			"density": 0.62034571170806885,
			"saturation": 0.49468082189559937,
			"strength": 0.16954787075519562,
			"toneShift": 0.5
		},
		"accents":
		{
			"scalp":
			{
				"redness": 0,
				"saturation": 0,
				"lightness": 0
			},
			"forehead":
			{
				"redness": 0,
				"saturation": 0,
				"lightness": 0
			},
			"nose":
			{
				"redness": 0,
				"saturation": 0,
				"lightness": 0
			},
			"underEye":
			{
				"redness": 0,
				"saturation": -0.54929494857788086,
				"lightness": -0.93338704109191895
			},
			"cheeks":
			{
				"redness": 0,
				"saturation": 0,
				"lightness": 0
			},
			"lips":
			{
				"redness": 0,
				"saturation": -0.08587956428527832,
				"lightness": -0.039955615997314453
			},
			"chin":
			{
				"redness": 0,
				"saturation": 0,
				"lightness": 0
			},
			"ears":
			{
				"redness": 0,
				"saturation": 0,
				"lightness": 0
			}
		},
		"leftEye":
		{
			"iris":
			{
				"option": "001",
				"color1UI":
				{
					"x": 0.73000001907348633,
					"y": 0.41999998688697815
				},
				"color1":
				{
					"r": 0.090841710567474365,
					"g": 0.051269456744194031,
					"b": 0.021219009533524513,
					"a": 1
				},
				"color2UI":
				{
					"x": 0.73000001907348633,
					"y": 0.75
				},
				"color2":
				{
					"r": 0.16513219475746155,
					"g": 0.097587347030639648,
					"b": 0.048171821981668472,
					"a": 1
				},
				"bUseRadialBlend": false,
				"colorBalance": 0.57999998331069946,
				"colorBalanceSmoothness": 0.37999999523162842,
				"size": 0.5,
				"saturation": 0.64999997615814209,
				"limbusDarkAmount": 0.62000000476837158
			},
			"sclera":
			{
				"tintUI":
				{
					"x": 0.42225381731987,
					"y": 0.21814209222793579
				},
				"tint":
				{
					"r": 0.98225057125091553,
					"g": 0.94730651378631592,
					"b": 0.87136709690093994,
					"a": 1
				},
				"brightness": 0.40069887042045593,
				"rotation": 0,
				"vascularity": 0.57247334718704224,
				"veinsRotation": 0
			}
		},
		"rightEye":
		{
			"iris":
			{
				"option": "001",
				"color1UI":
				{
					"x": 0.73000001907348633,
					"y": 0.41999998688697815
				},
				"color1":
				{
					"r": 0.090841710567474365,
					"g": 0.051269456744194031,
					"b": 0.021219009533524513,
					"a": 1
				},
				"color2UI":
				{
					"x": 0.73000001907348633,
					"y": 0.75
				},
				"color2":
				{
					"r": 0.16513219475746155,
					"g": 0.097587347030639648,
					"b": 0.048171821981668472,
					"a": 1
				},
				"bUseRadialBlend": false,
				"colorBalance": 0.57999998331069946,
				"colorBalanceSmoothness": 0.37999999523162842,
				"size": 0.5,
				"saturation": 0.64999997615814209,
				"limbusDarkAmount": 0.62000000476837158
			},
			"sclera":
			{
				"tintUI":
				{
					"x": 0.42225381731987,
					"y": 0.21814209222793579
				},
				"tint":
				{
					"r": 0.98225057125091553,
					"g": 0.94730651378631592,
					"b": 0.87136709690093994,
					"a": 1
				},
				"brightness": 0.40069887042045593,
				"rotation": 0,
				"vascularity": 0.57247334718704224,
				"veinsRotation": 0
			}
		},
		"teeth":
		{
			"teethColorUI":
			{
				"x": 0.34999999403953552,
				"y": 0.34999999403953552
			},
			"teethColor":
			{
				"r": 0.67954248189926147,
				"g": 0.52099555730819702,
				"b": 0.33716362714767456,
				"a": 1
			},
			"gumColorUI":
			{
				"x": 0.34999999403953552,
				"y": 0.34999999403953552
			},
			"gumColor":
			{
				"r": 0.39157247543334961,
				"g": 0.078187420964241028,
				"b": 0.064803265035152435,
				"a": 1
			},
			"plaqueColorUI":
			{
				"x": 0.34999999403953552,
				"y": 0.34999999403953552
			},
			"plaqueColor":
			{
				"r": 0.60382735729217529,
				"g": 0.41788506507873535,
				"b": 0.11443537473678589,
				"a": 1
			},
			"plaqueAmount": 0.11999999731779099
		},
		"makeup":
		{
			"foundation":
			{
				"bApplyFoundation": false,
				"color":
				{
					"r": 0.36130699515342712,
					"g": 0.17144100368022919,
					"b": 0.11953800171613693,
					"a": 1
				},
				"intensity": 0.5,
				"roughness": 0.25,
				"concealer": 0
			},
			"eyes":
			{
				"option": "None",
				"primaryColor":
				{
					"r": 0.15837240219116211,
					"g": 0.030451400205492973,
					"b": 0,
					"a": 0
				},
				"secondaryColor":
				{
					"r": 0,
					"g": 0,
					"b": 0,
					"a": 1
				},
				"roughness": 0.54473334550857544,
				"transparency": 1,
				"metalness": 0.18151591718196869
			},
			"blusher":
			{
				"option": "None",
				"color":
				{
					"r": 0.34509798884391785,
					"g": 0,
					"b": 0,
					"a": 1
				},
				"intensity": 0.40000000596046448,
				"roughness": 0.25
			},
			"lips":
			{
				"option": "None",
				"color":
				{
					"r": 0.25520798563957214,
					"g": 0.010634000413119793,
					"b": 0.022097999230027199,
					"a": 1
				},
				"roughness": 0.5,
				"transparency": 0
			}
		}
	},
	"textureSynthesis":
	{
		"bSkinUnlocked": true,
		"lowFrequency": 0.019946807995438576,
		"highFrequency": 0.65119367837905884,
		"contrast": 0.5,
		"skinToneUI":
		{
			"x": 0.58193486928939819,
			"y": 0.77410846948623657
		},
		"skinTone":
		{
			"r": 0.36130678653717041,
			"g": 0.17144109308719635,
			"b": 0.11953842639923096,
			"a": 1
		}
	},
	"grooms":
	{
		"hair":
		{
			"option": "ShortCurlyFade",
			"length": 1,
			"bUseCustomProperties": true,
			"melaninAndRedness":
			{
				"x": 0.69999998807907104,
				"y": 0.30000001192092896
			},
			"roughness": 0.34642499685287476,
			"whiteness": 0.068793274462223053,
			"lightness": 0.5,
			"presetOption": "Category1_Color13",
			"bUseDyeColor": false,
			"dyeColor":
			{
				"r": 1,
				"g": 1,
				"b": 1,
				"a": 1
			},
			"bUseRegions": false,
			"regionsUV":
			{
				"x": 0.28189998865127563,
				"y": 0.25
			},
			"bUseRegionsColor": false,
			"regionsColor":
			{
				"r": 1,
				"g": 1,
				"b": 1,
				"a": 1
			},
			"regionsPresetOption": "None",
			"bUseOmbre": false,
			"ombreUV":
			{
				"x": 0.28189998865127563,
				"y": 0.25
			},
			"bUseOmbreColor": false,
			"ombreColor":
			{
				"r": 1,
				"g": 1,
				"b": 1,
				"a": 1
			},
			"ombreShift": 0.5,
			"ombreContrast": 0,
			"ombreIntensity": 1,
			"ombrePresetOption": "None",
			"bUseHighlights": false,
			"highlightsUV":
			{
				"x": 0.28189998865127563,
				"y": 0.25
			},
			"bUseHighlightsColor": false,
			"highlightsColor":
			{
				"r": 1,
				"g": 1,
				"b": 1,
				"a": 1
			},
			"highlightsBlending": 0.5,
			"highlightsIntensity": 0.5,
			"highlightsVariation": 0,
			"highlightsPresetOption": "None",
			"eyebrowsShading": 1,
			"eyebrowsMicroblading": 1,
			"bUseMaskModulation": false,
			"maskModulationOption": "None"
		},
		"eyebrows":
		{
			"option": "EyebrowsMediumWide",
			"length": 1,
			"bUseCustomProperties": true,
			"melaninAndRedness":
			{
				"x": 0.86157894134521484,
				"y": 0.31011638045310974
			},
			"roughness": 0.69085532426834106,
			"whiteness": 0,
			"lightness": 0.5,
			"presetOption": "None",
			"bUseDyeColor": false,
			"dyeColor":
			{
				"r": 0.32156899571418762,
				"g": 0,
				"b": 0.69019597768783569,
				"a": 1
			},
			"bUseRegions": false,
			"regionsUV":
			{
				"x": 0.28189998865127563,
				"y": 0.25
			},
			"bUseRegionsColor": false,
			"regionsColor":
			{
				"r": 1,
				"g": 1,
				"b": 1,
				"a": 1
			},
			"regionsPresetOption": "None",
			"bUseOmbre": false,
			"ombreUV":
			{
				"x": 0.28189998865127563,
				"y": 0.25
			},
			"bUseOmbreColor": false,
			"ombreColor":
			{
				"r": 1,
				"g": 1,
				"b": 1,
				"a": 1
			},
			"ombreShift": 0.5,
			"ombreContrast": 0,
			"ombreIntensity": 1,
			"ombrePresetOption": "None",
			"bUseHighlights": false,
			"highlightsUV":
			{
				"x": 0.28189998865127563,
				"y": 0.25
			},
			"bUseHighlightsColor": false,
			"highlightsColor":
			{
				"r": 1,
				"g": 1,
				"b": 1,
				"a": 1
			},
			"highlightsBlending": 0.5,
			"highlightsIntensity": 0.5,
			"highlightsVariation": 0,